"fipscounty","control_ind","unshock_ind","aar_pntr","aar_tw","AAR_county1","AAR_county2","AAR_county3","AAR_county4","AAR_county5","AAR_county6","AAR_county7"
1001,1,0,-0.204139362889162,-0.00707087862750102,0.0291857934970099,0.03026726165348,-0.0460696007700659,0.0952798750472625,-0.0179048469570152,0.00626220959585879,-0.146516842459037
1003,1,0,-0.101136366494104,-0.00317239757826519,0.0465722749907577,0.0316355814709893,-0.0402198069763737,0.0620427677746204,-0.0169184454644794,0.0228612133237394,-0.12818036816711
1023,1,0,-0.344466663767763,-0.0256582885233,-0.0371895854602673,0.0439776006307076,-0.111709140090345,-0.191896901626259,-0.0443101032610966,0.194895038103785,-0.0333749279596258
1025,1,0,-0.202650928847543,-0.0169890046309378,-0.0033038800619778,0.0828989890114424,-0.0523721117128406,-0.0575123252234285,-0.0375524685955098,0.0466330451867764,-0.0977142810210272
1035,0,1,-0.183678100816437,0.00177328050341895,0.00549169493871343,0.0132287144756301,0.0124904247798744,-0.106253344355882,-0.0532247768909398,0.126397441320833,0.0142828092557028
1045,1,0,-0.117346051707674,-0.0128652646210338,0.00593597881346907,0.054480892731557,-0.0287707416131987,-0.215901324163604,-0.049367959911391,-0.0139203498051643,0.157486651601096
1065,1,0,0.124209104891269,-0.00808549792795646,0.0215178167620563,0.0908617467918619,-0.0236962783211939,-0.0514350345790587,-0.0223074513596356,0.0602281137593305,-0.131767398549056
1079,1,0,-0.294574890293216,-0.0217609667935976,-0.0209760541931405,0.000302031891639586,-0.0665439792767969,-0.0838471319540387,-0.0298354742940487,0.120191082851136,-0.0716172425799338
1085,1,0,-0.159122862856183,-0.0474510331105202,-0.0572214652360604,0.0575350408804816,-0.104128921604052,-0.239837397980143,-0.172452177068076,0.120373467763678,0.0635742214705305
1119,1,0,-0.219461610137773,-0.00492395944735712,0.03993450214215,0.0753508926147343,-0.0461985923508702,-0.132642837300213,-0.0477300354203679,-0.0085486661196507,0.0853670203027176
1133,1,0,-0.109781236133428,-0.0401559372195573,-0.0658773240966041,0.148897002050681,-0.0185005672587147,-0.152941726947084,-0.0816784399569914,-0.0529700652486256,-0.0580204390795617
2188,0,1,-0.243987521869775,0.0480385005272231,0.17162789096358,0.122918235067115,-0.048528746748928,-0.183757000256244,-0.131578697822189,0.219209510042467,0.186378312444759
2240,0,1,-0.152608871633198,0.0304631912573272,-0.131718219921623,0.367674436770614,-0.0319385907374667,-0.0665774302749495,0.0429890710706547,-0.107575105677059,0.140388177571122
2290,0,1,0.104496221458854,0.0415391094997367,-0.201206618281759,0.373608858747724,0.0252722703414266,-0.0706954662445554,0.0646693286740809,-0.10471243926919,0.203837832530432
4005,1,0,-0.138135947024784,0.00455424528827933,0.0969331433026735,0.0494501692513881,-0.07829359298195,0.106008842904394,-0.0163052594975009,0.0151739512727826,-0.141087537233833
4011,0,1,-0.301166272217019,0.00710333086194459,0.111550367706033,0.301202901632894,-0.0474196372624635,-0.423332650595227,-0.285942728339545,0.157770020768663,0.235895042123258
4012,1,0,-0.186913295187715,0.0161115850879103,0.12524986379419,0.0532174557781329,-0.096906530025355,0.258096519932094,-0.0229868111029081,-0.0408550480344563,-0.163034354726325
4023,0,1,-0.0937994481356308,0.000926335377668174,0.0246695841928211,-0.011349355673416,-0.00366868381962496,-0.0232794197230933,-0.0205918596430951,0.0761397398727512,-0.0354356575626658
5003,1,0,-0.300772491205058,-0.0392134569017399,-0.0475310794976543,0.0335304091048574,-0.0584585996125752,-0.174889021683779,-0.0450140118521039,0.0875236478294431,-0.0696555426003675
5011,1,0,-0.208520449601184,-0.0147418605910338,-0.00835361484757425,0.119582405712468,-0.0611058911077001,-0.0755454804818076,-0.0373111746629703,0.0671126350252418,-0.107571903774895
5013,1,0,-0.0491123302040583,-0.00914862745305168,-0.0177983392253516,0.056950473697648,0.0249281501343919,-0.183305745602737,-0.0390791110192631,-0.0220566618120815,0.116320841656031
5025,1,0,-0.145245258705383,0.0153922434503558,0.0769438182412527,0.0669068205636862,-0.0607121551148338,-0.156926316657457,-0.0352905943217668,0.174673923472825,0.0421502079687826
5033,1,0,0.125985427845152,-0.00952541731408954,0.0553871483011205,0.00287604735934626,-0.0032392280466235,-0.0870608061434895,-0.0302466353972609,0.0062866380896293,-0.0106810853613488
5039,1,0,-0.295076149844251,-0.013341854155043,-0.00731509385903227,0.0960501335028651,-0.024667330367205,-0.0514788848950908,-0.00645014156313482,0.0441519658916681,-0.143683627795372
5053,1,0,-0.224047404849675,-0.0498062386841783,-0.0866711731598857,0.168381299666939,-0.0661808046151725,-0.143836271631074,-0.0646855954953707,-0.0351742070566907,-0.120476918497993
5061,1,0,-0.026359494680089,-0.028243856476158,-0.0306460003492961,0.0435565654615582,-0.0501642536823984,-0.150834370074594,-0.0535441006645084,0.101270695630245,-0.0573455316541123
5081,1,0,-0.337176293457748,-0.0349810673651371,-0.0708991077706747,0.0252689903731691,-0.0870514452313463,-0.193459771307318,-0.0433403888863044,0.164382295425109,-0.0397680441585949
5097,1,0,-0.210266645787112,-0.0192146827454911,-0.0406361821392481,0.130439214001333,0.0236216116913778,-0.0326059275368349,-0.101959558554922,-0.0324927250118265,-0.080869211668316
5099,0,1,-0.168657716909668,0.0523741630953526,0.0630131090168832,-0.000265436092938018,-0.0034599656838065,-0.0195371148594503,-0.0392087702020659,0.195389298243888,0.170688021244956
5101,0,1,-0.213381778886533,0.0236227662876381,0.0681963920365544,0.0702563355157866,-0.0588934488560456,0.196891230631496,0.0647907397272518,0.0457015236426596,-0.221583408684237
5135,1,0,-0.0274131870238045,0.000449595450983053,0.0406332458066174,0.00319620130526891,0.00115119198589417,0.0677450625558174,-0.00238834194724652,0.013497975279065,-0.120688166828535
5137,1,0,-0.148291113177226,0.0117340729224939,0.0516171386131731,0.0260474774786861,-0.0200832079194607,0.104842054439889,3.1890190254415e-05,0.0721811307356693,-0.152497973080754
5147,0,1,-0.0266667969806049,0.00572131624305437,0.0394746157399007,-0.0827974021897703,0.0394910229311859,-0.110478912759319,-0.0636320396971903,0.192223864904807,0.0257680647717659
6003,1,0,-0.421501634486539,-0.0156139480804394,0.0211352016156446,0.154532836906881,-0.125503863005251,0.155019102825534,-0.0219455782584596,-0.0669392747987659,-0.225596061848659
6005,1,0,-0.120635006070783,-0.00147824483658754,0.0738590614038822,0.0557694232708297,-0.0781205507936994,0.112391400911564,-0.0298041598435997,0.0347344191145841,-0.179177307919674
6011,1,0,-0.134171587956287,-0.00401581548001926,0.063309127617278,0.039796297716186,-0.0541109808931386,0.103455295274836,-0.0187437597888873,0.053342958166921,-0.215159646453329
6027,1,0,-0.143024352194199,0.0247578554428611,0.110078971799727,0.080778198870159,-0.09350067643815,0.165851442977018,-0.00875792579660519,0.0541739656910792,-0.1353189890032
6043,1,0,-0.182998600469145,-0.00743257780474755,0.0576070939334594,0.134545397504705,-0.149917704794291,0.139074309607644,-0.031919434217605,-0.00866793997370623,-0.192749766693439
6051,1,0,-0.287928758225805,-0.0254411004095974,0.00941168842013545,0.195770271095822,-0.173313726294944,0.128249938844954,-0.0575388182753775,-0.0441959706691293,-0.236471085988642
6091,1,0,-0.295268829081762,-0.0472560876292183,-0.0291858247103842,0.169151211771454,-0.0107547167140819,0.0050477099950308,-0.0204490558088147,-0.217573825579911,-0.22702811235782
8007,1,0,-0.185731217302793,0.00488324794093927,0.0946021017174325,0.101036973848143,-0.123877393271157,0.209841580909817,-0.0103083384091647,-0.0802620280272404,-0.156850161181255
8023,0,1,-0.124149532418421,-0.0152289387686215,-0.0198152764063227,0.121593919184539,-0.0644427712363451,0.0770227936955033,0.0165667316947019,-0.0884351526771245,-0.149092815635302
8037,1,0,-0.234929009824219,-0.00284744647733279,0.107856173930965,0.125747924915262,-0.172519712030695,0.215661178685073,-0.0157912461158523,-0.109249254771945,-0.171637189954138
8051,1,0,-0.161881702288147,-0.0113520737513042,0.149550522718818,0.202710887503909,-0.120467181605722,0.0571538593486973,-0.0866838754886177,-0.0490954132808187,-0.232633315455395
8061,0,1,-0.120848600807569,0.0655908209006138,0.17481185199336,0.00503232643287505,-0.0197790011151895,0.0128186913521287,-0.00710905244201665,0.311359457565674,-0.017998527482536
8067,1,0,-0.119587157237528,-0.00858826814843887,0.0485704207808909,0.0932206700387241,-0.0555736336450782,0.0656965272736759,-0.0201091295191747,-0.0159228801901578,-0.175999851777952
8073,1,0,-0.0737391250093429,0.0114662327134902,0.0989606688930903,0.00528702240883294,-0.0108900416862919,0.181724468564607,0.0109141277331827,-0.000138465354174879,-0.205594151564815
8091,1,0,-0.215630653619333,-0.0418546363210958,-0.0574643195108173,0.119776638923055,-0.0620567034795343,0.0420651389274534,-0.0428333979862803,-0.105962797106916,-0.186507014014631
8099,1,0,-0.140025239684425,0.0203362933113442,0.115557923093208,0.0152136390550796,-0.0258610868644685,0.0994227538239982,-0.00824963331398704,0.0648564908727149,-0.118586033487136
8107,1,0,-0.0884062308207767,-0.0407218454513095,0.0663794379097146,0.149386291353314,-0.0792876262137215,0.0285651834912275,-0.0511866543641288,-0.146413220764614,-0.252496329570958
8109,0,1,-0.072772842707301,0.00339863852135658,-0.0476479762771398,-0.0363214639800902,0.056020421815586,-0.0866412405065653,-0.0216366913721199,0.20263088322797,-0.0426134632581448
8111,1,0,-0.180749925398894,-0.00998685373065267,0.0399894800437407,0.167938330419807,-0.168446050494644,0.247998303896866,-0.0262490187640707,-0.107528253804693,-0.223610767411575
8113,1,0,-0.0588751624090568,-0.00973541218916472,0.0992094523423439,0.191766574825923,-0.217207394503446,0.258171982575505,-0.0278584815820493,-0.161989827174311,-0.210240191808118
8119,1,0,-0.102874907737148,0.00101987549981416,0.0388018633129703,0.201472734220462,-0.152808487775406,0.156195069704858,-0.0106240225740868,-0.105620649403036,-0.120277378987061
9011,1,0,0.00203849384847389,0.00078310884214903,0.0711251700314983,0.116135323997536,-0.0908947747892015,0.0533811698582444,-0.010956040690741,0.036882406359387,-0.17019149287168
12029,1,0,-0.218408597537958,-0.0362624043056563,-0.0836907398127729,0.173499168005395,-0.0562019728296754,-0.114257532408281,-0.0526045305143249,0.00585060535200248,-0.126431827931937
12035,1,0,-0.109038968949576,0.00887233417129259,0.105488105934857,0.0403443685917295,-0.0718549904448244,0.125591626420928,-0.00442014007560817,0.027054822897024,-0.160097454125058
12037,1,0,0.00590736163493288,0.0049408769155199,0.0306494693902178,0.0410935506057468,-0.030044374795924,0.0635259499561434,-0.00255360237932835,0.0562017331681111,-0.124286587536328
12047,1,0,-0.105746434394275,-0.00426464100296421,-0.0109237886179922,-0.0438391495725484,-0.0213662732571557,-0.140878186215371,-0.0551937091997831,0.173808994202629,0.0685396256394717
12077,1,0,-0.035178071569682,-0.0325574841352014,-0.157416288191838,0.224219682690936,-0.00913286730015059,-0.0689056350241671,0.0206567389136963,-0.0239287475962729,-0.213395272438614
12087,1,0,-0.169511411595796,-0.0152262766494878,0.0346323747120686,0.117350701704475,-0.117054941117937,0.135228183341447,-0.0308918743976712,-0.0442060572990613,-0.201642323489736
12089,1,0,-0.140963806310659,-0.00774371957517547,0.0446122771244335,0.0681969799830307,-0.0905267870009377,0.0830175517375124,-0.0216808134918637,0.0188305977996153,-0.156655843178019
12097,1,0,-0.174254596700171,0.00910069218130218,0.120830955874435,0.0629415987220485,-0.097366655973984,0.175928021495859,-0.00399653074212892,-0.0253551514446809,-0.169277392662434
12129,1,0,-0.0105343140829596,-0.0324417096802025,-0.000894709065257155,0.0334499115305893,-0.0438632294640725,0.017843821755,-0.0531063852595093,-0.0317885713958355,-0.148732805862332
12131,1,0,0.0550484796051743,-0.00436361726476715,0.0478532355572817,0.0618051819596444,-0.0579516518306135,0.101842963655237,-0.017281206102681,0.0135712469197866,-0.180385091012026
13003,1,0,-0.360006764102069,-0.0975953308924699,-0.228623559117696,0.0800978698698982,0.107217128618381,-0.191724045758293,-0.140053956829258,-0.291474576056082,-0.0186061769742398
13011,1,0,-0.113518170309484,-0.0316146301755725,-0.0141721362577833,0.0868947161897236,-0.0685388261237432,0.0986130041772323,-0.0498325408233246,-0.0845191254565675,-0.189747502934545
13039,1,0,-0.201705677407826,-0.0119787071884443,0.0780903802201672,0.0214930299739587,-0.0584272107447195,0.127328415667731,-0.0228508737093481,-0.047854068542338,-0.181630623184561
13055,1,0,-0.108971259332029,-0.154948512577114,-0.151223849192293,-0.0850052645608998,0.112883515725348,-0.0533911777480343,0.00619674329228427,-0.820277736754427,-0.0938218188017752
13061,1,0,-0.0175197523151243,-0.0583983341268748,0.0284037104355512,0.0298123893610224,0.0613036569769108,-0.0989363361691001,-0.0289530428842807,-0.164990056913029,-0.235428659695198
13085,1,0,-0.132045118589774,-0.00755841696472621,0.0562714658306276,-0.0259814750547542,0.025808549991717,0.123942821370897,-0.00481710107607413,-0.0308291604494021,-0.197304019366094
13099,1,0,-0.268123831855131,-0.00599207821947343,-0.0455576021713623,-0.0421194278325895,-0.0278748980118408,-0.116884601207954,-0.00664285125057432,0.210432666306669,-0.0132978333686624
13101,1,0,-0.29606326395367,-0.0758657442534709,-0.127839142820621,0.173866504983309,0.0637215196907145,-0.26953859674015,-0.0667295882160016,-0.14226745681544,-0.162273449856107
13105,1,0,-0.201187288044529,-0.0173203573932273,0.0277888264097072,0.0410386647305698,-0.00531283085656215,-0.00819326574134789,-0.029040828101178,0.0264315424366385,-0.173954610630419
13127,1,0,-0.0739349774036524,-0.00113476808348373,0.0867380713528174,0.053270774657657,-0.0855222129742057,0.0724816545587555,-0.0170556369801453,0.0310639786326879,-0.148920005831953
13129,1,0,-0.152579737858939,-0.137359435114683,-0.14820024190201,-0.0908158905433869,0.124170057819813,-0.0739589487367825,0.00572857333740318,-0.706031061171077,-0.0724085346067433
13133,1,0,-0.111808125627051,0.00525131017429817,0.121623043196486,0.0886418107869259,-0.147725758079651,0.174247338260857,-0.02872858321851,-0.0253596690546837,-0.145939010671336
13141,1,0,-0.00723036343363462,0.0212959520607356,0.0693589930583618,-0.110658214270709,-0.00315227774924444,-0.067333543577038,-0.0410385913492975,0.272214266160728,0.0296810321523466
13163,1,0,-0.170497849323524,-0.0376572730925171,-0.0588487529180227,0.0728289295723441,-0.00111909815558794,-0.111435514774671,-0.0389140842736248,-0.0713754015621871,-0.0547369895358697
13183,1,0,-0.126197816702924,-0.0287249758820863,-0.0864772469817964,0.10521809738993,0.0137154219211189,0.000485938634043065,-0.0141156812721544,-0.0572335933780077,-0.162667767487738
13187,1,0,-0.156316327222522,-0.00459375381747665,0.0485766255043253,0.0640441065020129,-0.0532078052203399,0.0231054717360423,-0.0333387414789263,0.0305170195655015,-0.111852953330953
13191,1,0,-0.212579026352969,-0.0216805933923358,-0.023416921929394,0.0293779214075872,-0.0194210398307075,0.108933856575791,-0.0222112553507465,-0.0546805322619083,-0.170346182356971
13201,0,1,-0.0317995032240066,0.0481295938656275,0.178597873933774,-0.0682994907860842,-0.00686665390264084,0.0678400043039057,0.0137922749292369,0.255362170381663,-0.103519021800464
13213,1,0,-0.188034146419769,-0.230232237674544,-0.288519528684329,-0.119780572059322,0.232364024193365,-0.116172928120722,0.0355888679299248,-1.2894185607544,-0.0656869662263207
13223,1,0,-0.113861791986634,-0.013967959499495,0.0356127605913459,0.0570799802354522,-0.0241327375896094,0.0481033145855589,-0.0174087124942481,-0.0354246417420302,-0.161605680082934
13225,1,0,-0.233897895309743,-0.0365982537438479,-0.127805110435969,0.0610622646344624,0.123691289475482,-0.0334619906997159,-0.175856314993925,-0.161620302056156,0.0578023878688869
13239,1,0,-0.264839853668849,0.0425163031397737,0.0272570851565323,0.0415263927665371,0.0299054310153715,-0.0206757326770462,0.0518219709179043,0.032094082336659,0.135684892462458
13249,1,0,-0.382351222866654,-0.0514737783871046,-0.0627031646506383,0.0865725545404279,-0.0796646733402894,-0.200692996628711,-0.0914633964917306,0.0721044866554811,-0.0844692587942715
13251,1,0,-0.142479313416191,-0.0640939971132016,-0.103971472846796,0.0452409133523397,-0.0722942621710084,-0.246573287442599,-0.0582364296588674,-0.0408896450373563,0.0280662040118767
13263,1,0,-0.110482320929831,-0.0629485096195479,-0.0895126019550053,0.158590201243167,0.131441093112897,-0.389060582191802,-0.104972360694346,-0.135930874905379,-0.0111944419463673
13265,1,0,-0.0535097852756849,0.0141073035572017,0.065043103560363,0.074928279281395,-0.00918585927985166,-0.0673040045710514,-0.0451227963789728,0.00452636304674845,0.0758660392417814
13271,1,0,-0.244588739607108,-0.0643784457288281,-0.129159796619241,0.110536069168641,-0.181792905464393,-0.381463443601985,-0.0975500564784196,0.124329008670367,0.104452004223234
13281,1,0,-0.0643506774418354,0.0139153979318845,0.0784798303997985,0.0648372335297517,-0.0817755907036632,0.162147723933611,-0.00226690066487217,0.0695012679768214,-0.193515778948256
13301,1,0,-0.190283552282576,-0.0154545125910903,-0.0498936167050384,0.109875944365487,-0.00852928603297966,-0.0866176582289358,-0.0294441522105504,0.0665523314982134,-0.110125150823828
13307,1,0,-0.263002077801642,-0.0794539183655316,-0.199237628985397,0.256949006503196,-0.0821426406047785,-0.340538188888372,-0.100305217483978,-0.0544498151306113,-0.0364529439687796
13309,1,0,-0.137227938700277,-0.0342500066973905,0.0900110353374522,0.0545523738012236,-0.101693244956975,0.0346465639931934,-0.0149040796569902,-0.0884044864408928,-0.213958208958744
13313,1,0,-0.128858515024991,-0.118276208422616,-0.10464603197129,-0.0706169286139575,0.0922409023873244,-0.0773953738321455,-0.00495735681467441,-0.627513471882582,-0.0350451982309838
13319,1,0,-0.260796567612691,-0.0450019963632862,-0.0674239721133763,0.120525301276931,-0.0485323178075882,-0.307521851967312,-0.115800618316968,0.0548118371567658,0.0489276472285438
15001,1,0,-0.0920200993760938,0.00254110836764224,0.0827327790093657,0.0549107740230502,-0.0729636365413438,0.111853689662685,-0.0103453395221999,0.0113305700102938,-0.159731078068356
15007,1,0,-0.0696945608289842,-0.00521374179985184,0.0648346010676442,0.0947394899431965,-0.11293935647571,0.132730236180307,-0.0237504438541607,-0.0195211744583206,-0.172589545001919
15009,1,0,-0.124908723688374,-0.0138871776350339,0.0380917878678015,0.115563430158133,-0.113849515590706,0.128094518691161,-0.02750836863427,-0.0404808279585063,-0.197121267978851
16003,1,0,-0.281796660277964,-0.0119703730415834,0.0278305083254571,0.101070553241236,-0.0573372726719696,-0.0170753670993872,-0.0394707863225349,0.020813966553542,-0.119624213317428
16009,1,0,-0.298011017941021,-0.0161202708344555,0.00528574369056298,0.13889256807817,-0.0700371869576433,-0.142623847425025,-0.0499418073713351,0.0637033766966145,-0.0581207425525332
16013,1,0,-0.167030503043927,-0.0249441360237088,0.0297125078386597,0.133070547498092,-0.107902740048338,0.0892597271842276,-0.0282074595155589,-0.0749660433835113,-0.215575491739533
16015,1,0,-0.354077004327794,-0.0253368637684575,0.0504724650462882,0.153520628456528,-0.148343549193395,0.118838499777968,-0.0495174972813117,-0.13157325672309,-0.17075533646219
16023,0,1,-0.104202000804455,0.0105118808931139,0.18838479625707,0.00631569993456184,-0.0673459652189667,-0.106894971008699,-0.216359038856845,0.0994315100941557,0.170051135050521
16025,0,1,-0.0875331335101626,0.0434725220036439,0.168318830539091,0.0905427504537943,-0.191219449431689,0.32234001237828,-0.0245504075572566,-0.0786745508027952,0.017550468446082
16029,1,0,-0.102771258435224,-0.0140636801035431,-0.00270613863174625,-0.0495448670349209,-0.0332599385299013,-0.205724627386836,-0.0965541334877645,0.201053147383497,0.0882907969628706
16033,1,0,-0.260204135218742,-0.0197298638377274,-0.0293202470125607,-0.0831361644583489,0.174372605309427,-0.0227231845500923,-0.0207947916179138,-0.0602797198333875,-0.0962275447012154
16035,1,0,-0.302021565612081,0.0134713089157254,0.0897982582190472,0.0827238127238258,-0.0755035106865769,-0.00745250574193934,-0.0160662399628096,0.11721258780668,-0.0964132399481503
16039,1,0,-0.0449801486585288,0.00692101640203861,0.0778566901567093,-0.0114841580571452,0.0066457377515938,0.106489335178067,-0.00149369821990812,0.0281469173249917,-0.157713709320038
16085,1,0,-0.180705388473748,0.00416295557679313,0.0969926936949327,0.108036812889432,-0.108664610379686,0.107114838705183,-0.0351933581822974,0.00670792227020844,-0.14585360996022
17003,1,0,0.00502964464284826,0.0106118471536498,0.02705329851638,0.051283942684097,-0.00558648874499978,-0.216284984286655,-0.0734604594559944,0.108509168618446,0.182768452744274
17007,1,0,-0.277020458655879,-0.05043316296851,-0.189768265854464,0.0525465849843149,0.167108053064758,-0.110739726530264,-0.219680847446471,-0.200982157079548,0.148484218082105
17009,0,1,0.00663382281217827,0.0155972468777119,-0.058164457684595,-0.021766200097068,0.0103273604302347,-0.197497056728824,-0.0484276955641604,0.323140635700258,0.101568142088138
17013,1,0,-0.00731121263588209,-0.0104668465811761,0.0141006130890608,0.0616553310891812,-0.0471796752970389,0.0839585017373296,-0.0292566708987474,-0.00680195838308417,-0.149744067404934
17025,1,0,-0.222538389649023,-0.0257083276872348,-0.127327955154661,0.0419202521239531,0.150770777198835,-0.0586012711129294,-0.211172706583955,-0.117588990712612,0.142041600430726
17059,1,0,0.571701371665202,0.00715012709440796,0.239514874182438,0.182577591228838,-0.062826917482327,-0.199286816725618,-0.117052393632613,0.0130009218779869,-0.00587636978784997
17085,1,0,-0.17781724611314,-0.0316927866027697,-0.00607538982954792,0.0714883918284813,-0.0554974701038256,0.0137073502473414,-0.0429060080105542,-0.0791299204292196,-0.123436459922063
17127,1,0,-0.103151335618532,0.0076919146319638,0.101958919827022,0.0687272755641913,-0.127991733902223,0.0931741213546793,-0.0443251316754414,0.101552732746972,-0.139252781491454
17153,0,1,0.00701652643615332,-0.00703915346511585,-0.0503868562929088,0.0605497270705833,0.0148939501335242,-0.072381113763252,-0.0110268168831509,0.0686244160063176,-0.0595473805269244
17155,1,0,-0.381374116074266,-0.0517450461290983,-0.093549276831855,0.13204017522767,-0.0331406406777274,-0.189314785890883,-0.0830609722825317,-0.0359777680225534,-0.0592120544258071
18007,0,1,-0.111955372002175,-0.00654062482112333,-0.063309815085683,0.0481680000320334,0.000868133194556481,-0.134643863554642,-0.0432052828563269,0.109498146440686,0.0368403080815123
18013,1,0,-0.155477757760124,0.00623776970325779,0.0835819596546934,0.0342850178699535,-0.0541716354504798,0.0752181706723855,-0.0213553218030572,0.0398840791128515,-0.113777882133543
18021,1,0,-0.10383881758565,-0.0325806569793318,-0.114907530826813,0.0786324477718022,0.11573273742086,-0.07395044952467,-0.170049813327295,-0.147851660207836,0.0843296698386293
18029,1,0,0.00290701863592571,0.00753582286399013,0.123022829859871,0.00281483604846278,-0.101341085212355,0.153918188320803,-0.0302906872772078,0.0233358713212823,-0.118709193012926
18039,1,0,-0.203306014381645,-0.0310767183379641,-0.108944870979701,0.0678851854933611,0.0996955673476969,-0.101030026161488,-0.168847413058586,-0.102107368317734,0.0958118973107027
18051,1,0,0.0918816362856469,-0.0398796976761262,-0.0520014714826317,0.0873012428868412,0.0967042682466312,-0.0501684639842495,-0.207290474529604,-0.209696541838867,0.0559935569689966
18061,1,0,-0.103585580576244,-0.00830583429275448,0.0531437831356889,0.117941265860999,-0.095260646813869,0.0463712271352343,-0.024550931774825,0.0288132756338757,-0.184598813226385
18087,1,0,-0.269014190326251,-0.0339228185118318,-0.153209850404944,0.0648720526465398,0.130030903934937,-0.0740481132795217,-0.182883441071102,-0.117636321899569,0.0954150404908384
18115,1,0,0.0577791906835908,-0.0322361627196683,-0.00421466611778286,0.214499604435465,-0.19832759659113,0.13580369376963,-0.0651793909896193,-0.0181009927535693,-0.290133790790671
18117,1,0,-0.151977997243013,-0.0308918221308102,0.0365441467163799,0.103894344878214,-0.120708151663195,0.0443286616929809,-0.0476361937898601,-0.0608712118830836,-0.171794350867107
18131,1,0,-0.234183717429702,-0.00270227954160071,-0.0343910023777578,0.00231091179865607,0.0986217763599285,-0.0644182660749235,-0.160960334226494,0.0192196738580122,0.120701283871374
18155,1,0,-0.200530098613037,-0.0392726295228914,-0.0258633947381755,0.246065124713173,-0.191608868970781,0.137246314445125,-0.0937522184389816,-0.0684137023124504,-0.278581661358149
18161,0,1,-0.0480372150262702,-0.0111942523950264,-0.0563000938187111,-0.00184758021645019,0.011421559512298,-0.0538199948999547,-0.0385921336398049,0.156022327718813,-0.0952438514213749
18171,1,0,-0.0811811658719041,-0.00493049305337515,0.0136826297776098,0.0630340575514926,-0.0625585803470223,-0.238718788180722,-0.0667699232086965,0.17590553436196,0.0809116186717519
19071,1,0,0.0950079785403059,-0.00134249654107946,0.0320814075107781,-0.0216947664801429,0.0452608395130193,0.0388418962434173,-0.0711702483317181,0.0383742820855614,-0.0710908863284715
19073,0,1,-0.0409893020546413,0.0129639942732013,0.0212197180621599,-0.00448519862517891,0.0204611112027586,-0.0151797994028804,-0.0356684974244985,0.167341323914103,-0.0629406978140552
19079,0,1,0.0575022838790815,0.0131775360962529,0.0323268700685603,-0.0362104417582935,0.0158780548469085,-0.0279417703984281,-0.0126300009075888,0.191073076328487,-0.0702530355058756
19125,1,0,-0.21356409129322,-0.0321526892507247,-0.0703143191227416,0.126779614176429,-0.107433452255675,-0.21038261308235,-0.0549135883104786,0.111656120398587,-0.0204605865588437
19151,0,1,-0.106105413494884,-0.0105416618933127,-0.0372283621053278,0.0598265695396847,-0.062593752112823,-0.18386391588086,-0.0755578496082734,0.199007084043381,0.0266185928710298
19165,1,0,0.0185997919687845,0.00917577823240818,0.0571762304091548,0.00770292668466352,-0.0193434932950941,-0.0936744033429363,-0.0120225125108309,0.0856495583659647,0.0387421413159353
19171,1,0,0.0513994824786805,-0.0154174931746532,0.00838418139647325,0.0942566153705204,-0.0971289646202767,0.0395430850175678,-0.0367370639057423,0.033225300753255,-0.14946560623437
19189,1,0,-0.2384883832277,-0.0543526533303267,-0.215889504602784,0.069959152880331,0.216679005215395,-0.0608191337567828,-0.267394468033518,-0.288549520040491,0.165545895025562
19195,0,1,-0.166053924556997,0.0156183989052305,0.158558469824874,0.0844829443107365,-0.179509687869446,0.199875220786046,-0.0376547298035892,-0.0137872467939953,-0.102636178118012
20023,0,1,-0.0267197576879907,0.0506767335596947,0.135716782788044,-0.0362692234788856,-0.0336288225615641,0.0538326632237354,0.0067899817037859,0.291028426378101,-0.0627326731353542
20047,0,1,-0.0949192428165141,0.0140748567007488,0.03027141889831,0.0155032419316785,-0.071463885072633,-0.144323889426206,-0.0266865778336698,0.283699526935617,0.0115241614721436
20075,0,1,-0.0490882190579832,0.0368167316330253,0.0602702399606177,-0.00693584803996956,0.00199259089744114,-0.0267742734007275,0.00516731719033604,0.229495336413333,-0.00549824158985489
20083,0,1,0.0175562119366061,0.0249165335996956,0.0138952779291553,-0.0559092555832829,0.0179907912901088,-0.0300465360569373,-0.00478551542712573,0.227795285517263,0.00547568752868808
20085,1,0,-0.050186225763143,-0.00809843158313525,0.0345871034239043,0.0834091253926236,-0.0788041028057872,0.111372485537235,-0.0212361202707813,0.00355365722642375,-0.189571169585565
20117,1,0,-0.166469173560345,-0.0322580736440168,-0.0547342617054021,0.052304490692332,-0.0849549150789159,-0.195696454467976,-0.0750135070833288,0.0873816992396462,0.0449064328955278
20123,1,0,-0.0381634481608312,0.000245324577789581,0.0467055844842591,0.0168709345356428,-0.0956881090980306,-0.118890936881409,-0.0385619169091403,0.175253372425303,0.016028343487902
20143,0,1,0.0805173157800098,0.0402692735452358,0.127082854255979,-0.0156404970040308,-0.0377358765881491,-0.0199080934513658,-0.0122223145122546,0.291630534881605,-0.0513216927651346
20153,0,1,0.0134785365747841,0.0374929996263399,0.05086353958932,-0.0535056131775169,0.0283927492266241,0.0158663363480632,0.0234383803358475,0.248979089086527,-0.0515834840244857
20183,0,1,-0.0944763527491674,0.0337235091854135,0.0811420028476793,-0.0563851191531194,0.0323277315806062,0.0381120898904571,-0.0284230886452964,0.192983314586612,-0.0236923668090456
20199,0,1,-0.00364750508354772,0.0312001797495568,0.0746172210713572,-0.0643518404749369,-0.00918167020951755,-0.00750373395714803,-0.00468766291880761,0.216498978695357,0.0130099660405931
20203,0,1,-0.0124781866957878,0.0176347415009517,0.0603014339411478,-0.0333052752834762,-0.0326237208555201,0.0627081071006328,-0.0283707575581667,0.204695725359778,-0.109962322197734
21007,1,0,-0.218687007037175,-0.0404125311685774,-0.0550745100710109,0.0068088969181224,-0.0696240883577685,-0.220131910034468,-0.0730460416671854,0.122488852411151,0.0056910826211182
21023,0,1,-0.136287039396954,0.0543948665668506,0.0260593393194909,-0.0414046904867205,0.0278585303533279,0.0601958020979225,-0.0331131576694528,0.272743412147328,0.0684248302060563
21041,0,1,-0.22957309544029,-0.00289050536852725,0.217048676381436,-0.106053826845901,-0.0416317776849042,-0.195142325131293,-0.153562657593195,0.205440880168686,0.0536674931254817
21063,1,0,0.260036153827059,0.0530866614570899,0.195658287622147,-0.00625924988129437,-0.0760539259187964,0.132020002231963,0.0128955367376023,0.226802957111303,-0.113456977703297
21081,1,0,-0.167275788179451,-0.015359679911178,0.0174141831636091,0.0551755871681872,-0.0269979757121884,0.0517051249620093,-0.0561776851870178,-0.0319179408343652,-0.11671905293848
21091,0,1,-0.431180406715469,-0.0134572524640081,0.161949448530901,-0.13463411406158,-0.0290330062437777,-0.361987592138925,-0.178750437931696,0.275875843913424,0.172379090683598
21105,1,0,-0.0519358760668422,0.0261459901575886,0.113788864919097,-0.0672597625755191,0.0568883403423077,0.0738542408735046,0.0103192852665045,0.0673942832949795,-0.0719633210177546
21115,1,0,-0.0160857328954252,0.0184989582545058,0.119617894639201,0.00505317662717542,0.00101084762547698,0.110800113036868,-0.00849067349335671,0.0429737710342791,-0.141472421688103
21141,0,1,-0.212723013899623,0.0141101884202847,0.202656732695429,-0.0957522433058324,0.0188751441265861,-0.173081080235391,-0.120593406352469,0.190691478659425,0.0759746933542447
21143,1,0,-0.110718928521718,0.00696060702675311,0.121089865511886,0.0480647189603531,-0.0890059535693871,0.0940120364237947,-0.0161315441288793,0.0554840398257179,-0.164788913836214
21157,1,0,-0.150663358657157,-0.0210046497648794,0.0619569487360337,-0.00956973098401627,-0.0505842541719918,-0.115549580894869,-0.0912895169058179,0.0995364249450278,-0.0415328390785223
21169,1,0,-0.129573444671079,-0.0364383909541153,-0.15229637803534,0.0435613165587612,0.160368903165851,0.0087062623628567,-0.204373423876764,-0.157194414919541,0.0461589980653688
21209,1,0,-0.342241008389318,-0.0516329170088993,-0.161152921002231,0.0953764908958683,0.144152933037816,-0.0802619943645506,-0.210289835833117,-0.257590848776365,0.108335756980285
21231,1,0,-0.202786691992872,-0.0140644720904402,0.0409494962243291,0.0409179423859028,-0.00257177685804961,-0.0487430781437908,-0.0834338694940008,0.0520068555943138,-0.0975768743417857
22009,1,0,0.0235809450944534,3.35442138144433e-05,0.0518648511417313,0.0639681280434859,-0.0462731939014828,0.0883193729409857,-0.0052561387227444,0.0385695433847734,-0.190957753390048
22015,1,0,-0.12052348065459,-0.000954720338571513,0.0342447926393052,0.0895226202994722,-0.0605642884825784,0.0586517051419365,-0.0250978490595598,0.0172183570967989,-0.120658380005375
22035,0,1,-0.025220247508561,0.0424538299465555,0.140877442698645,-0.0535115918409044,-0.0381785278361346,0.0428241011030437,0.000514532969042467,0.303865906756319,-0.0992150542241227
22043,1,0,-0.0803393312930219,-0.00154879202080919,0.102920594333693,0.117485776743455,-0.127116911536132,0.0930338396369997,-0.0322726448612076,-0.0505260647509044,-0.114366133711567
22047,1,0,-0.0871115629596454,-0.0307457761281671,0.0385193124920958,0.0478641344450086,-0.10083954048833,-0.140656271089849,-0.0883858512718134,0.0770632711920213,-0.0487854881763022
22071,1,0,-0.0177746595130282,0.00116901552028048,0.0303807259875248,0.104067034015487,-0.0696917566736689,0.0657703473517289,0.00670925828478307,0.0163777889476517,-0.145430289271543
22085,1,0,-0.165774443822389,-0.00765909850639844,0.000614047386039222,0.093324714243021,-0.0185668456434588,-0.0466633888943363,-0.0251840745979357,0.0401731181470321,-0.0973112601851509
22091,1,0,-0.0849901338304687,0.0180928225443481,0.088895767051172,0.0186081248051809,-0.00210571248714965,0.0796542898961857,-0.000949885173584276,0.0728212219434007,-0.130274048224769
22127,1,0,-0.230128991198792,-0.00808936252219071,0.0233756646655876,0.0975797106419509,-0.0428097703749446,-0.0650798315834989,-0.0238161939917042,0.0548938359243738,-0.1007689529371
24017,1,0,-0.0619026082001897,-0.00833204120797161,0.062458875028075,0.0165360100996717,-0.00568714538738266,0.0653037775976055,-0.0137560874339033,-0.0266473393333342,-0.156532379026533
24047,1,0,-0.0684479002157321,-0.00500560586462564,0.0613405836573036,0.0921489636361534,-0.0994249242493137,0.14978810753451,-0.0184868774122442,-0.0190617489774441,-0.201343345241345
26009,1,0,-0.199726215703833,-0.0288633792409867,-0.0306954068946729,0.119856582245898,-0.0731308706397565,-0.000751701351922526,-0.0383644519238987,-0.0183623273630471,-0.160595478759507
26013,1,0,-0.187417137624165,-0.0289407337443661,-0.0427953177830075,0.128927163387879,-0.0663273137342594,-0.135107873748367,-0.0502355240341705,0.0354955003247798,-0.0725417706234166
26019,1,0,-0.161866902669616,-0.0195173108888747,0.0177818092988748,0.0885848097680024,-0.0866506984418648,0.0890184396960948,-0.035322746756714,0.0118640157005437,-0.22189680548706
26031,1,0,-0.136660995076903,0.0109580922912135,0.102656853888949,0.00694478994468213,-0.0291740326858294,0.081533431548484,-0.00456567350274438,0.0560251614844779,-0.136713884639525
26033,1,0,-0.127064588867246,0.00332346655752506,0.0614063061165259,0.0608921966907231,-0.0604853441374252,0.103463321418248,-0.0122751500117007,0.0432655049965684,-0.173002569170264
26053,1,0,-0.202946604481304,-0.00985250658677279,0.0421046133363855,0.0935331177612424,-0.0845018825996798,0.095436755928827,-0.0306069493935893,-0.0441775675423861,-0.140755633598209
26073,1,0,-0.0599822379831147,-0.00630348970748407,0.0253902823970863,0.10259731526322,-0.0732994015778217,0.0220382649858285,-0.0313900997705755,0.0157394181190566,-0.105200207369183
26083,1,0,-0.157879957682225,-0.0301360489909619,-0.0159046912466069,0.16864247230627,-0.113375048314553,0.139886276056145,-0.0329138030234764,-0.0979743805277154,-0.259313168186797
26097,1,0,-0.185633383150524,-0.00434539774139957,0.0327636260207871,0.101755458596854,-0.0665116447870668,0.0338669705072753,-0.0363684118680655,0.0505480684524534,-0.146471851112035
26101,1,0,-0.158865688876654,-0.00663387001791177,0.0409524356852389,0.0646414150378005,-0.0909618530489978,0.0602490090551414,-0.0306589820327177,0.0571595786872538,-0.147818693509102
26129,1,0,-0.165001145596383,0.0305270808328553,0.131894588326744,-0.021665983659904,-0.0282438914801153,0.0843238542644743,-0.00221532082473807,0.154829322356024,-0.105233003152497
26137,1,0,-0.135748170595425,0.0134401303310343,0.0723761047574118,0.0401829171170452,-0.0292035133234154,0.0678203507310801,-0.0259431382225229,0.0604842756280313,-0.09163608437039
26143,1,0,-0.143873239684014,-0.0131262802461202,0.0668637389245754,0.164039578582347,-0.0548652533096659,-0.0243603277593217,-0.00663557729755165,-0.0781049677712302,-0.158821153091995
27021,1,0,-0.0830543138801139,-0.00285307742619265,0.0209939310333468,0.104926757946026,-0.0771232580057229,0.0964857699661037,-0.00986041205105667,0.00712294264434783,-0.162517273516393
27031,1,0,-0.210028686031268,-0.000468797222660236,0.129219988972797,0.14299949517637,-0.204583416808494,0.278341077892893,-0.024124986328497,-0.0957256420843831,-0.229408097379307
27077,1,0,-0.00790406783268267,0.00323461375573595,0.0232969813678568,0.0851687866954009,-0.0884974552223807,0.113138486590774,0.0139235278426574,0.0348778550780664,-0.159265886062224
27087,1,0,-0.0790566759237783,-0.0103312987191217,0.0394979919093401,0.15964926064225,-0.171344644044824,0.17012915423722,-0.0418740643731263,0.0040270324818021,-0.232403821886514
27095,1,0,-0.190299806390696,-0.00835064350805588,0.0462627135413948,0.0873225609535419,-0.0955141699970739,0.0695037238905753,-0.0355638421169417,0.0368713196510115,-0.167336810478899
27113,0,1,-0.122648409661033,-0.00432301520537745,-0.0687702895263106,-0.00117317673491636,0.0648201972704226,-0.0249571523052187,-0.0948074496377696,0.111242154198004,-0.0166153897018532
27115,1,0,-0.12022558282598,-0.0165747074003237,0.0169143759903583,0.129542216723332,-0.103911105033722,0.0975315030493025,-0.0256148255309246,-0.0152784261277925,-0.21520669087282
27135,1,0,-0.361631101167947,-0.050046910242301,-0.161613635765808,0.134549598111793,0.0643623854787439,-0.0967758882101297,-0.184221281215821,-0.132741552055453,0.0261120019605687
27155,0,1,0.0369631219738565,0.0479036559459453,0.153043895401993,-0.0644335954554784,-0.0102629053677021,0.0466703475340603,0.00962970149477647,0.256939464164097,-0.0562613161501295
28009,1,0,-0.196393642796796,-0.0065528320030885,-0.0203991490094346,0.0934118155110537,0.0187881947376067,-0.322347257736955,-0.0952411898591258,-0.00255092817345127,0.282468690508687
28017,1,0,-0.013819906991056,-0.0152794819093036,-0.0228817061521839,-0.1342358044318,0.121126112088967,0.0546182854629516,-0.0485972879432382,-0.0229795166328039,-0.054006455757018
28039,1,0,-0.0844084675381382,0.0069994850253113,0.0996240230588386,0.0148395181125919,0.0021205550754411,0.0392283793142872,-0.0117722082319793,0.0255751319423801,-0.120619004094381
28047,1,0,-0.0798010443734998,0.00773546340721983,0.120918178460699,0.0624693303378623,-0.110965411720006,0.152027731746205,-0.0155682730106053,0.0265826688882369,-0.181315980851854
28055,0,1,0.260359177393863,-0.00161668523269673,-0.2070137743439,0.0155143114481697,0.0852045697900435,-0.116514569531908,0.0320807515426533,0.23976667771074,-0.0603547632446757
28073,1,0,-0.0201633588592488,0.0101886276697822,0.101314257785293,-0.00567798774658498,-0.0243207500091393,0.122060177099159,-0.00295936698470679,0.0373335779153073,-0.156429514370853
28077,1,0,-0.268531437693723,-0.0400309982383029,-0.104266196698276,0.0459889863632706,-0.0539573909992885,-0.163255550116658,-0.0493679494389627,0.101069987676887,-0.0564288744550923
28101,1,0,-0.115264982288564,0.018803604191906,0.157964487896781,-0.11053155344311,0.0339968664248721,0.0113870983199339,-0.054079945760243,0.124182944484572,-0.0312946685794631
28105,1,0,-0.0961845154713253,-0.0168170505702057,0.0502033414118801,0.0410487834443881,-0.0527167513343453,0.0829315021182306,-0.0142442281123127,-0.0563760879549542,-0.168565913564327
28111,1,0,-0.339238589083443,-0.0271281695101019,-0.0261982969953792,0.0388354841882264,-0.0514817561469399,-0.131958660051466,-0.0387237610673161,0.0981509274839897,-0.0785211239818283
28115,1,0,0.00145606592113641,-0.0132965255866191,-0.023945419078601,-0.121458142525964,0.117177843979957,0.0344644638182186,-0.046219272467957,-0.0131001193850385,-0.0399950334469486
28129,1,0,-0.257832353262125,-0.0390258932266097,-0.103747025863419,0.155360572380688,-0.0336596192190194,-0.120706950068324,-0.0714022898824901,-0.0243191304642338,-0.0747068094694694
28143,1,0,-0.0083263068306292,-0.049435034283029,-0.0175116915032147,0.276224407761509,-0.26487769779101,0.19841808845536,-0.0920849426573839,-0.0769532444129862,-0.369260159833477
28145,1,0,-0.0684808673489923,-0.0316237517954696,-0.0657992926213469,0.0375501234849315,0.0898109945448541,-0.0580679691334125,-0.137620268330209,-0.147081962154893,0.059842111641789
29015,1,0,-0.147194857511468,0.00324074698973442,0.031336059436606,0.0140574556955154,0.0206516826378377,0.039342100325722,-0.00882808757803739,0.0291405246723809,-0.103014506261884
29045,0,1,-0.107649012561679,-0.00757437713414385,0.00646080014522548,0.0315311627262196,0.000782580346589843,-0.0761839021139709,-0.0309198280301319,0.0696087087853438,-0.054300161798283
29053,1,0,0.00703411118049838,0.00101909168376257,0.0391682207415797,0.0634157680847051,-0.0490711814476836,0.0748640977653643,-0.012861565182174,0.0272688267669296,-0.135650524942383
29057,0,1,-0.118247010424828,-0.0181955580428715,-0.122887216378218,0.00144075602039888,0.0327570307232916,-0.149854220528005,-0.0674768245430777,0.178929999079772,-0.000278430674262013
29063,1,0,0.0269865915031027,0.010909294246635,0.0570468138940217,-0.0378105673473294,0.027452914551145,0.0885844135193669,-0.00407651612808825,0.0579704582452948,-0.112802457007966
29079,0,1,0.0816984124582457,0.021683770533346,0.0718225242433552,-0.050936286222293,0.0213462799084752,0.0457052644162734,-0.00928903444004626,0.193154323288247,-0.12001667746059
29081,1,0,-0.0049894000643495,0.0263976046674429,0.0896181527492521,-0.0239827155737308,-0.00699170840313584,0.124574164939201,0.0105435367352106,0.110483147461685,-0.119461345236382
29085,1,0,-0.035106451317642,0.00966607936076835,0.0536161188622946,-0.016006400861039,0.0112401842694849,0.0827959551454189,0.000675621954715893,0.040586783606401,-0.105245707451898
29131,1,0,-0.177190349606223,-0.0212959164822706,-0.00131512208865999,0.00122907117024292,0.0334072711050684,0.0292336488898569,-0.024885595999105,-0.0909007032877369,-0.0958399851655601
29169,1,0,-0.0833508315446657,0.000896218584814389,0.0581006503085746,0.048517352530061,-0.0511436457183596,0.0760575336451355,-0.00808764313872848,0.0126625487663869,-0.12983326629937
29171,1,0,-0.0478004251474522,0.0331328141564432,0.108189963705116,-0.0609369244613915,0.025635244437195,0.0757746264141118,0.00455633689625398,0.125923417297139,-0.0472129651933221
29179,0,1,-0.281266139745533,0.00061209958455557,-0.0407716372983873,0.187629660040621,0.0177515822172354,-0.311930360338094,-0.160227987757472,0.168676596368913,0.143156843859072
29186,1,0,-0.203551410659058,-0.0147900295785663,-0.0103515273460003,0.124902705831897,-0.0423746467393458,-0.14664607676848,-0.0733384001586524,0.0674973795126763,-0.0232196413820589
29197,1,0,-0.0215055559705042,-0.0107185263254752,-0.023194155860561,-0.0621319815752163,0.0473329821830535,0.144715688647175,-0.0509097579887048,0.000814657696431967,-0.131657117380504
29203,1,0,-0.177254743681911,-0.0438847920420765,-0.132815039363067,0.132543526891098,0.000178089472398023,-0.127686023687463,-0.0626068210568471,-0.0530800775024913,-0.0637271990481637
29211,0,1,0.416553488561814,0.0260388000266302,0.0721711995640583,-0.098099334159775,0.0380182654047914,0.120428284587684,0.0406034426371316,0.136786047508023,-0.127636305355501
29213,1,0,-0.131808455616173,0.00499230687658698,0.0948610697351738,0.0863503091796942,-0.130786715711816,0.217004596697699,-0.0102991331318286,-0.0505339866303934,-0.17164999200242
29227,1,0,-0.0883318730137348,-0.0161186508224244,-0.135617737054942,0.1618601611414,-0.00971124954209926,-0.10055328438363,0.0298084256662563,-0.0502551375338359,-0.00836173405011965
30033,1,0,0.0610589447493301,-0.0217153714641214,-0.0498922283557944,0.00382450716253989,0.0335533595676294,0.162929353917242,0.000411429492996568,-0.0878007138204562,-0.215033308213007
30037,0,1,-0.369269047067868,0.0273004146400846,0.0250526700166151,0.514207305166841,-0.0340507335817273,-0.668152208837121,-0.435874330492719,0.337773395698313,0.452146804510389
30045,0,1,-0.157508702824869,-0.0269886799641184,-0.122662735484716,0.062301940204244,0.0725290322897701,-0.0744521750734567,0.0022809369077372,0.0125769867841591,-0.141494745376566
30057,0,1,-0.246708085289686,0.0226938581360651,0.23753605376188,0.196786008030577,-0.295941144347291,0.386132229187294,-0.00220487378152076,-0.250356622026923,-0.11309464387156
30067,1,0,-0.126251345965271,-0.00334129639212333,0.0794145974949889,0.070376777323067,-0.0901044989396851,0.105243628878357,-0.0154953049391914,0.00336302367212113,-0.176187298234521
30075,1,0,-0.218460417198197,0.00393654088882905,-0.0265381074302023,0.221861691721735,0.00556382148631503,-0.0133738672612783,-0.0446366013249805,-0.0302077776375978,-0.0851133733321868
30077,1,0,-0.106048869493574,-0.0124401508384703,0.0196839481585956,0.151718407333897,-0.113521348704405,0.0373283272223992,-0.0311229664198035,0.00236375782458567,-0.153531181284562
30095,0,1,-0.130944923537943,0.0148376371446935,0.0108381461548004,0.211356818291384,0.0063432746321746,-0.350326074444594,-0.182435735889905,0.188377248322121,0.219709782946874
30097,0,1,-0.133370111086866,0.000818284469476691,0.00122947221975807,0.255751457180082,0.0127308139534054,-0.317641088488194,-0.200037621208983,0.119763507593341,0.133931450036928
30103,0,1,-0.0895233839751949,0.015780410154822,0.0713773694490317,0.139544218545667,-0.104148127177567,0.172700540617719,0.0140860639260755,0.0183479499956808,-0.201445144272854
31003,0,1,-0.0502884056854348,0.0173852139801377,0.0637221847101957,-0.0536154991878258,0.0266507198856708,-0.0242581663494846,-0.0153825190285103,0.172902086033661,-0.0483223082027432
31009,1,0,-0.00582766504961962,-0.0433007261066295,0.0807140041256095,-0.0203789020568717,0.106954736508792,-0.139408284157614,-0.0956259956999809,-0.115974325316016,-0.119386316150325
31017,1,0,-0.0569891842977676,0.0132125163206265,0.0684055639247264,-0.0416462048592335,0.00945706958215592,0.040776574335668,-0.0063383932774502,0.0917721980690873,-0.0699391935305688
31021,1,0,-0.000324365794154519,-0.00779124817921068,0.0363092576400442,-0.012168881679344,-0.0749079853791819,-0.117709973313877,-0.0792695704425633,0.191858595283146,0.00134982063730125
31023,1,0,-0.0365841612228911,-0.0105699425329038,-0.0576631483020966,-0.0312630304072181,0.173792770098888,0.0102796580868023,-0.156121432408257,-0.0885765150873473,0.0755621002889026
31029,0,1,-0.0154866293727553,0.0209313215537828,0.0468047615586873,-0.0736117398989098,0.0360830220212835,0.0279018026368014,0.000414580434966691,0.179549448348366,-0.0706226242247161
31035,0,1,-0.0147155014138703,0.00319163947078127,0.0483576934091126,-0.0278644018772428,0.0253747398962485,-0.0900107597664825,-0.0313121868228371,0.104509541355891,-0.00671314989922154
31045,1,0,-0.0815227532937259,0.014393794730872,0.122832615130235,0.0230013958877617,-0.0405205888010109,0.101150960491509,-0.0146359864067349,0.047781880599042,-0.138853713784697
31061,0,1,0.0791658363300565,0.0460104260072268,0.137778419071868,-0.0633898702183095,-0.00149254570780057,0.0938312708936124,0.0216902016558765,0.235625025427546,-0.101969519072207
31073,0,1,-0.0928748813480681,-0.00975706224693081,0.0330825998635081,-0.0104907459103698,-0.0160095363829739,0.0195326326303734,-0.013036119779124,0.0282608969288321,-0.109639163078761
31075,0,1,-0.210626841741604,-0.033324017642039,-0.128005085253798,0.00565132323741131,0.0518169107671518,-0.114191516775083,-0.0309971130638361,0.0786368096327341,-0.0961794520388522
31077,0,1,0.00268317822426616,0.00156167523139317,-0.0997291880136285,0.00888735082761966,0.0706935222301597,-0.0735277052387725,0.0112271555329217,0.127637698521428,-0.0342571072399762
31091,0,1,0.191693089381949,0.0178217103485465,0.202123391407543,0.0813426859807583,-0.190049485138255,0.312603353160088,-0.0249841132392032,-0.16301598641071,-0.0932678733203959
31103,0,1,-0.0874898005711568,-0.0389199795496073,-0.171909636085657,0.105082025407794,0.0502807943019949,-0.181936718933493,-0.0132134973177022,-0.00572322568413412,-0.0550195985360531
31117,1,0,-0.110322744472627,-0.0343338804018955,0.0298820864138475,0.0689576365942305,-0.0663466439074465,0.265005704321406,-0.049419456468883,-0.187591142103618,-0.300825347662805
31125,0,1,0.0243268552622067,0.0185620667140728,0.0216681600831131,-0.0254623336397001,0.0212930091670227,0.0153079195837241,0.00995164540499686,0.175568562663008,-0.0883924962636556
31135,0,1,-0.00856723930476037,0.0179232766518099,0.0887203691212667,-0.0360878142233564,0.0171113426266368,0.0161272715498774,0.00289466535440048,0.15824238994629,-0.121545287812446
31167,0,1,-0.381337554768739,0.0731874234857958,0.400879006428692,-0.151796550178973,-0.0361899594802885,-0.0607746003473425,-0.0633786271806927,0.372869308833478,0.0507033863256962
31169,1,0,-0.0266165042643464,-0.0275859328332607,-0.0523273048137248,0.0632225948558682,-0.108359771363589,-0.302284233773335,-0.071205614262977,0.199468347058074,0.0783844524668588
31179,1,0,-0.165683700047429,-0.0242914373704588,-0.0986092398820409,0.0494315416148307,0.0971939348096511,-0.0423430159056514,-0.151730462784337,-0.0974661224720548,0.0734833030263908
31181,0,1,0.0495171219819645,0.0318620261106034,0.103797186000735,-0.064689029552806,0.00703679547219424,0.0580351292569359,0.0064613439544526,0.192796108863342,-0.0804033512206305
31999,0,1,0.176432622514474,-0.00295054883486133,0.417484515167094,0.108900923037162,-0.421269654335356,0.53928133488762,0.00164205425356517,-0.396633688218557,-0.270059326635557
32003,1,0,-0.189312124216973,-0.0159873535368683,0.05036761863738,0.0994864323212767,-0.111564586302191,0.108020184743672,-0.0270190152471236,-0.0445712379325429,-0.18663087097855
32005,1,0,-0.299364459801684,-0.0193927875076273,0.0510866260771557,0.105395495565123,-0.10127617690352,0.102764517204791,-0.0217671901328074,-0.0688833650501793,-0.203069419313954
32011,0,1,-0.495260264465121,0.130011715531928,-0.546524856918689,1.11368924435239,-0.0147576530470382,-0.244035234616096,0.200702165689528,-0.265953948683758,0.666962291947157
32013,0,1,-0.259631573214106,0.0414006464667149,-0.175549645693888,0.470165009585562,-0.0425343059590146,-0.0451075560135671,0.0600472704695847,-0.117810587180246,0.140594340058574
32015,0,1,-0.411573235526753,0.0556683427983611,-0.0888379351008618,0.313162481066384,-0.0354329497284587,-0.0733703688445472,0.043633552474587,0.0287778201705609,0.201745799550865
32017,1,0,-0.146676066934631,0.00198970288758557,0.068929503355082,0.0369742635517724,-0.0119390089697479,0.0686267908971004,-0.0209865172402893,0.00414885922011793,-0.131825970600937
32027,0,1,-0.248005861069547,0.0512595755330671,-0.239244834487583,0.567162271575246,-0.0536173089452088,-0.0993557705635042,0.0760307380536674,-0.0993800476334952,0.207221980732349
32029,1,0,-0.289319835210908,-0.0376955964276499,0.0251990107260588,0.180436732652605,-0.158189559916574,0.101719079235267,-0.0485692112735288,-0.144585197793971,-0.219880028623407
32033,0,1,-0.256854199944999,0.033802046446331,-0.0501315072852001,0.358308603549564,-0.0430083289900897,-0.152358464086353,-0.0909629009360663,0.0761846526883374,0.138582270184126
33003,1,0,-0.122631436483295,0.00373980593840782,0.0777579978670262,0.074378603715247,-0.0812223730414524,0.125012756713216,-0.0109278293326056,0.00943986158259768,-0.168260375935174
33007,1,0,-0.231632319114189,0.00640455230624503,0.058055213923309,0.0574756558470624,-0.0676569593100272,0.0863468517499497,-0.00493932429298083,0.0589525738037322,-0.14340214557733
34001,1,0,-0.193553999839487,-0.00746707475142683,0.0724115930067247,0.105073785792461,-0.124200886038133,0.135419996991022,-0.0315580434870672,0.00831845604303122,-0.217734425568026
35007,1,0,-0.00616770004452734,-0.00459827214700981,0.0618712069317298,0.102552600967417,-0.0810387297940764,0.0929145681591775,-0.0177889780896635,-0.00996587423162333,-0.18073269897203
35019,1,0,-0.170387430239117,-0.0298704141220176,0.0737122471703762,0.0790429199960862,-0.103205463506912,0.16138296413127,-0.023843771255184,-0.125422285974449,-0.27075950941531
35021,1,0,-0.142272888886747,0.0773821478270024,0.298785596830576,-0.193174043472187,0.0395949857620796,0.192203138628339,0.0376504494898831,0.207141439877308,-0.0405265323269838
35023,1,0,-0.394066609353372,-0.0110613719648224,0.0555081623121381,0.0674159242994711,-0.0728389262390585,0.0972091631958085,-0.00971348809619861,-0.0425335483586106,-0.172476890867307
35027,1,0,-0.104542018142953,-2.14863488453439e-06,0.0788030947698155,0.0712890698481085,-0.0908694359431322,0.185934402182229,-0.0107167095358073,-0.0649198505546056,-0.1695356112108
35029,1,0,-0.0522539547459019,-0.00343255936484558,0.0353932908670461,0.0610587282069245,-0.0384126136179482,0.0903814603280063,-0.00902816703948857,-0.00239181023888756,-0.161028804059572
35037,1,0,-0.133069415882417,-0.00730409919801067,0.0189657336726594,0.0554005540764659,-0.0212624752889771,0.102369309435634,-0.0139970257279636,-0.024876104080721,-0.167728686473172
35055,1,0,-0.218033580093194,0.00966474816337299,0.13752385210812,0.096671998734558,-0.131237130637932,0.181988912653064,-0.0266940358802097,-0.0202955665156424,-0.170304793318348
35057,1,0,-0.112623631776864,-0.0113157837352933,0.0236615531854269,0.0349166970427156,-0.00451845107817989,0.109442616681314,0.00303627299713568,-0.0651665024870774,-0.180582672488388
36039,1,0,-0.163328727557874,-0.00554336536995877,0.0565491122104828,0.0674933683778484,-0.0902155588235449,0.080637704070295,-0.030926230881257,0.000780794705850058,-0.123122747249386
36041,1,0,-0.185352405409742,-0.0116304943043482,-0.0331284575974899,0.0416622814917331,-0.0374505948537198,-0.0150147676872775,-0.0343158949819718,0.00368036266563271,-0.0068463891673439
37003,1,0,-0.0790749855471526,-0.0496229583467718,-0.0522585802326739,-0.0557941237533573,0.0689574196841594,-0.0171945555973894,-0.0374333453996639,-0.181696013358173,-0.071941509770304
37055,1,0,-0.131901924727968,0.00145144081128448,0.0203438788093023,0.0501445575736721,-0.0206251058535204,0.106364234467098,-0.0012691160460209,-0.00721533622199194,-0.137583027049547
37073,1,0,-0.168348755060499,-0.0193401737161256,-0.0386138596972779,0.0698115211988016,-0.0168504303562259,-0.074628491995545,-0.0279015342677225,0.018712202133982,-0.0659106230288915
37095,1,0,-0.0616811734739205,-0.00942469612563024,0.00151268255385901,0.0495651857028962,-0.0170434765054844,0.10166433284847,-0.0205950831852313,0.0114980536784294,-0.19257456797235
37099,1,0,-0.138131753946838,-0.00160277808191849,0.0780333292018677,0.108798266924077,-0.131713322991584,0.129922661486907,-0.0275401939528293,0.0357378114090402,-0.204457998650909
37103,0,1,-0.129945757916409,0.0224654766062836,0.0807080692998798,-0.0216027587466144,-0.0122121978109838,-0.00709290994811011,-0.0050212758480751,0.212881710506563,-0.0904023012086752
37137,1,0,0.0300788300818808,0.00226958317011276,0.0252104601846293,0.0828607348516053,-0.0411395119153326,0.0701549869430844,-0.000353109401856132,0.057181901961781,-0.178028380433122
37173,1,0,-0.058376146624688,0.0106144139361243,0.105643052817768,0.100502994686885,-0.111553010098962,0.120883554671326,-0.024996307769245,0.0458955652441163,-0.162074951999018
37177,1,0,-0.0404497666805412,-0.0199595733575085,-0.0510383316265495,0.00991146528457396,0.0386529582374515,0.0180636782924707,-0.0149156044413801,0.00702671351220644,-0.147417892761332
37189,1,0,-0.109115559812971,0.00737483520107024,0.0762335608680945,0.0463367572173981,-0.0578721491522053,0.121508344031885,-0.0013135993259244,0.0288488234269237,-0.16211789065868
38005,0,1,-0.130954741310671,0.030547481369071,0.300180003633456,0.181800075174689,-0.391846958023379,0.480030649945636,-0.0121546643850712,-0.24003040927772,-0.104146327484113
38007,1,0,-0.0886925721417107,-0.00296312450982684,-0.0439526241920303,0.357682494853015,-0.111806973870887,-0.131585587770373,-0.0882204249247915,-0.00857321792812096,0.00571446226440007
38025,1,0,0.132232573629966,0.0220440358740293,0.00364736992974692,0.229102223372475,-0.00878281926114994,-0.201933652685744,-0.0466312494054374,-0.0114303309623714,0.190336710130685
38033,0,1,-0.0537095024750639,-0.00350651480444973,-0.0623479707506978,0.0352958601678866,0.0250596581767054,-0.0790117085515751,-0.0110588092432608,0.0643889930035743,0.00312837356621928
38045,0,1,0.0124903488624042,0.00767521691214691,-0.0242367117980065,-0.00287442502357345,0.0185903361282396,-0.000683003493692167,-0.00720004280446099,0.146857418034919,-0.076727052658397
38047,0,1,-0.0262364596187856,0.014849616442956,0.0106706630663521,0.00806099484200828,-0.000124306547852383,-0.070976243997471,-0.00816025997933091,0.198719026394738,-0.0342425586777533
38053,1,0,0.076963801946352,0.0174006933971905,-0.00647856478716014,0.262321961667202,-0.0318578661046071,-0.208624303726802,-0.0688806570718616,0.0187126796866461,0.156611604116916
38071,1,0,-0.0251882877509308,0.00691248302766229,0.0434463393923841,0.0146015959094076,-0.0137678287853276,0.0808165346484443,-0.00511208202193458,0.0436063024198715,-0.11520348036921
38079,1,0,-0.0788860973408649,0.00090788684600962,0.09590919159955,0.0411902154616304,-0.0778025392575218,0.0880210748539499,-0.0186659997077894,0.0389986332419464,-0.161295368269699
38081,1,0,-0.229992431944338,-0.100142242306036,-0.253856091502555,0.159914016096072,-0.238678499316916,-0.627738887954693,-0.168973007465461,0.165858895762904,0.262477878238397
38085,1,0,0.0228228577298652,-0.0319927634607844,-0.069171622989998,0.260660213628025,-0.149087522798393,0.14792580945434,-0.0125366398113561,-0.0589638656128735,-0.342775716095235
38087,1,0,0.047713847721463,0.0569558970193814,-0.0567004995128408,0.469507053031244,-0.0277250089650073,-0.266111527827626,-0.0877987508174859,0.100025730151039,0.267494283076347
40005,1,0,-0.0682021372694019,-0.00733267727977423,0.0474842006573891,0.0401693170824548,-0.0311430916580358,0.0605953459633179,-0.0393455939404365,-0.0247873074772152,-0.104301611585894
40025,1,0,-0.0411045399514456,0.00283454261844974,0.0178383024277858,0.0686538113956426,-0.0339131179411627,0.120763993968515,-0.00233434251464537,0.0349594232609504,-0.186126272267937
40033,0,1,0.0125674330106592,0.0451656613580668,0.393927415903708,0.191740189435771,-0.451759429081949,0.651503498250932,-0.0068877249071284,-0.341643621549848,-0.120720698545018
40065,1,0,-0.06733900404458,0.0101425679080391,0.0639151673287502,0.0144000730840495,-0.0165828586250969,-0.0476755614855551,-0.019679973454129,0.0579059106727605,0.0187152178354941
40085,0,1,0.135940020829214,0.027744650561955,0.406044820153652,0.231581275436447,-0.515458806293858,0.707631045960827,-0.0160639906533947,-0.378399344768916,-0.241122445901072
40091,1,0,-0.0759897467207937,0.0301324037951916,0.143563607141928,-0.00967126009647274,-0.040569931465768,0.129885967434176,0.00335675603194306,0.0930977972940137,-0.108736109773479
40103,1,0,-0.0932121010280433,-0.0414749271481594,-0.109015204560559,0.166515006984979,-0.171097017988231,-0.245260907127002,-0.104330418350265,0.0930178017370488,0.0798462492669141
40115,1,0,-0.139173088698351,0.0166934252636829,0.147004562842179,0.0981568212368976,-0.151873784147959,0.190669270990091,-0.030650197769768,-0.0123107493223846,-0.124141946983275
40141,0,1,-0.124164962904201,0.0459697465732418,0.0334480728071726,-0.0108156294060557,0.00113162893342003,0.0810212467764407,-0.0230426903139794,0.223244606801137,0.0168009904145562
41007,1,0,-0.105875606279337,-0.0129445235793126,0.0201900085013401,0.0624994123141026,-0.0640177967139389,0.0423982453397238,-0.0194478456694322,0.0297599778731017,-0.161993666700085
41021,0,1,-0.112861294102879,0.00791660446071004,-0.00121672161892638,0.00139034126782945,0.00218339096371532,-0.105593597341852,-0.0735167407378935,0.158279557465681,0.0738900012264159
41037,1,0,-0.244050703501377,0.00384326233140933,0.0762497014972851,0.107721132834739,-0.0851630296945832,-0.0132789078754161,-0.0346934179553274,0.103649438337253,-0.127582080824086
41041,1,0,-0.188754574262815,-0.00458512601386995,0.0680210436048369,0.0744615758696486,-0.09637609833776,0.131595560397777,-0.0185092815197381,-0.0191774344380654,-0.172111247673789
41053,1,0,-0.0952243936448218,-0.0087711723483828,0.01445179598487,0.0700995937895894,-0.032808403751802,0.0403147999645349,-0.036486865233414,0.0168464524005592,-0.133815579593017
42023,1,0,-0.290995635639533,-0.0445587717835447,-0.0725603199497695,0.226745558846673,-0.0974509329432486,-0.274026009196179,-0.0695503607345322,0.0141655547016952,-0.0392348932094515
42057,1,0,-0.22536362144808,-0.0560383660786849,-0.131296515071788,0.162564692760004,-0.126823553695128,-0.355441436444082,-0.0953003865305088,0.0945759778813411,0.0594526585493665
42103,1,0,-0.0673081968102831,0.00597232201738737,0.0382340660407477,0.0414103622669191,-0.0262376068435022,0.107538776722133,-0.00460265520384089,0.0119010642110454,-0.12643775307179
42109,1,0,-0.169301530678531,-0.0174062065918037,-0.0279539886406726,0.0526818232792373,0.00630782023219145,0.0208321004823759,-0.0119586020743584,-0.0128817061032662,-0.148870893318133
45005,1,0,-0.205875015120368,-0.0297331627595923,-0.0127107139754757,0.152806690045625,-0.10007258461034,-0.197866284830774,-0.0699704337842773,0.0855608983251286,-0.0658797104870336
45013,1,0,-0.114400146556006,0.00663761061798059,0.0970895654488323,0.0574438352305761,-0.0844239599687178,0.148912454650101,0.000584555084156486,-0.0122217855119264,-0.160921390607158
45051,1,0,-0.145360347915317,-0.00162813666757856,0.0648272802191932,0.0639514957548439,-0.0756071915836291,0.139021450975204,-0.0104961591037036,-0.0218675841652825,-0.171226248769676
45053,1,0,-0.108910795674097,-0.00119909529394226,0.0637719652865899,0.0158072174038443,0.00648035410502893,0.0655419657699227,-0.010360420735344,-0.00414914040947374,-0.145485608478164
46017,1,0,-0.268335597648927,-0.0267777402056636,-0.0802660166909546,0.167198019083872,-0.0416542830937103,0.119695547019279,0.0144727797124273,-0.0797634322487953,-0.287126795221764
46027,1,0,-0.1058899763439,0.00544648735558299,0.0704539835396369,0.0549945298267346,-0.0683854632783601,0.0268700195377548,-0.0241224530648225,0.0719280773935494,-0.0936132824654124
46043,0,1,0.0201011609797713,0.0191190893067738,0.0321692530640868,-0.0391157232216754,0.0201802451108359,-0.0849574371907333,-0.0243752473199648,0.223464613989741,0.00646792071512512
46045,0,1,0.0331778940557143,0.0221524453760746,0.0685608324398418,-0.0384345674889583,-0.0157451341490813,-0.00502111648409343,-0.0218240685401279,0.228412496278981,-0.0608813244240408
46071,1,0,-0.0520624332024574,0.026554285214334,0.157515765764456,-0.0686661874345444,0.00844511353001436,0.195163871432525,0.0112971617130146,0.0530165280420729,-0.1708922565472
46073,0,1,0.0448269398925839,0.0331799020314801,0.0821269451328205,-0.117339806433931,0.0716793208495445,0.05347253526779,0.0090390272506199,0.324562753881954,-0.191281461728437
46075,1,0,-0.0793684864772989,-0.0171170861731433,-0.0369428884380871,0.0260024898737776,-0.0148802377766678,0.0920547680881046,-0.0449121004418484,-0.0185650314370486,-0.122576603080233
46081,1,0,-0.280978884163414,-0.00311107046073843,0.0721437925511135,0.123770060314202,-0.113517146315064,0.131327197368854,-0.0223202456523675,-0.053580378104471,-0.159600773387436
46085,1,0,-0.119587724898939,-0.0194256677236496,-0.0157775747275969,0.0134434577851552,-0.00462804893673689,0.12087449638994,-0.018935820723396,-0.036667195905748,-0.194288987947165
46101,1,0,-0.082168173952916,-0.00631633918497857,0.0341380421348054,0.0556474233382735,-0.0644843721948439,0.0193801806931384,-0.0440471904697118,0.0575173361274026,-0.102365793923914
46107,0,1,0.0368125281873265,-0.011332859931097,-0.0669401996029143,-0.000390075950494548,0.0534892554174986,0.0140730959367888,0.0114463181741293,0.0773567633514466,-0.168365176844133
46119,1,0,-0.105841910656849,-0.0323551619605638,0.000850686343859981,0.0186035045297562,-0.000365287130670795,0.0811725408420107,-0.0419085969064459,-0.10837315542845,-0.176465825974007
46137,1,0,-0.0699957650851146,0.0100636126069279,0.0821120130155416,0.0502601738089168,-0.0556806534659497,0.0736521683252098,-0.0295517675011083,0.0689948006216483,-0.119341446555763
46999,0,1,0.164995351306261,-0.01692458124994,-0.0336835759684553,-0.0329173723606167,0.0202483970241676,-0.0056600974901675,-0.0263440673209983,0.0501293631437079,-0.0902447157772177
47057,1,0,-0.159791525331986,-0.0389422451508389,-0.0554641310601235,0.109635454718848,0.000749536822918271,-0.12949618028036,-0.0575811079667259,-0.0552786747968201,-0.0851606134936097
47121,1,0,-0.0488232645322956,-0.162151496161915,-0.214702282130221,-0.0615577350219113,0.104606925523397,-0.201430325012681,-0.0132216770516001,-0.769686449457511,0.0209310700171239
47135,0,1,-0.22510711013796,0.0716505504478475,0.145876555364132,-0.00533823866641829,-0.037014941526711,0.0730100847103755,-0.0309971567219385,0.296661936649633,0.0593556133258576
47143,1,0,-0.0915494939464525,-0.0334948230860651,-0.0198367892873027,-0.0287741407576383,0.0643995916073565,0.025699632265721,-0.0298418293431759,-0.146912289288497,-0.0991979367989196
47155,1,0,-0.181037621678518,-0.0111129084082348,0.051065600952156,0.118534173085872,-0.138792651942245,0.194179209470436,-0.0335045176528272,-0.072305124228745,-0.196967048542289
47173,1,0,-0.132311836991653,-0.0384409298375225,-0.066151584605718,0.106385779489726,0.00257150251076909,-0.155142878483244,-0.0415663207309621,-0.0203503812261444,-0.0948326258170839
47175,1,0,-0.382530118607274,0.00257600724400565,0.243779601434274,0.463687135674396,-0.178149441198787,-0.436294217019051,0.0370002460747594,-0.0633256325398847,-0.0486656417176686
48007,1,0,-0.0398389174731318,-0.00919839829289738,0.0420338804734312,0.0805576295291976,-0.0409849594208836,0.0886195986732717,-0.0217930953547106,-0.0509477288355983,-0.16187411311499
48033,1,0,-0.0921012231230155,-0.0946542464365194,-0.0855558433777803,0.0112476156220437,0.124075449460746,-0.323675967775738,-0.0496003350034219,-0.231223293874348,-0.107847350107136
48043,1,0,-0.120010379544464,-0.000838411246313531,0.0418142306920028,0.0835549654609083,-0.069267021578508,0.0940880723927616,-0.00775831540489608,0.0159670591948151,-0.164267869481279
48045,1,0,-0.0267543364755689,-0.0439177451475064,-0.0569073544539981,0.0184501719340314,0.0649358610015666,-0.0961164491730281,-0.0496710950092673,-0.0829116393457794,-0.10520371098607
48057,1,0,-0.074081642526844,-0.0252107278006337,0.0946973585373949,-0.0111077515581136,-0.0987152015426966,-0.126177126342865,-0.113740243056797,0.127882117150288,-0.0493142477916471
48059,1,0,0.040287521558568,-0.00577724279135775,0.0283530169083504,0.117738933611009,-0.0281429930565457,-0.0424244240599632,-0.0344955173568052,-0.0254682989644326,-0.0560014166211169
48075,1,0,-0.0454495986002045,0.0213038254697578,0.136690845443949,0.0198895286378747,-0.0705258421545357,0.126402957830655,-0.0152388622929278,0.0947287209889752,-0.142820570165686
48077,1,0,-0.0243810557780048,0.00979015323385512,0.0486996291367773,-0.00564534889420044,0.00934883307554463,0.0760156266325683,-0.0136481175138541,0.0395131493389753,-0.0857526991388253
48081,1,0,0.148477466364013,-0.011709460305822,-0.0639480166580104,-0.00893984621538785,0.0775692531569668,-0.175901346983921,-0.0370749373410386,-0.039806063693404,0.166134735594041
48101,1,0,0.0571939215639243,0.0427252499240675,0.206674333187325,-0.0648241029198943,-0.0207840533053328,0.15437274832246,0.0268950639204933,0.121330923370818,-0.124588163107398
48107,0,1,-0.0287904616761154,0.039100512811322,0.0681503493353574,0.0669886345175591,-0.00701072528982658,-0.0482153516985317,-0.020354886184853,0.208833286807506,0.00531228219204281
48109,1,0,-0.214088138143214,-0.012284565803035,0.0500710437721201,0.0855791080162859,-0.0418937608446249,0.100829363548678,-0.057671328173946,-0.0319747525059867,-0.190931634433771
48111,0,1,-0.0980762256316878,-0.0260783384329506,-0.0638272471427388,0.0637530082069294,-0.0179037511765641,-0.0519667823770883,-0.0348282516060278,0.0383978837653097,-0.116173228700474
48115,1,0,-0.0248158513062163,0.0211076289279256,0.0224891971644691,0.165710088503663,-0.0146051812854558,-0.0270514379172007,-0.038595906433611,0.0624176142132073,-0.0226109717495924
48125,1,0,-0.0238670957785705,-0.0233248495086269,-0.0157685339070103,-0.000616221736911535,-0.0291609198796556,0.162703328047416,-0.0216365098967038,-0.078386769372084,-0.180408319815439
48129,1,0,-0.0637297686378214,0.0118069418494619,0.0883829440379872,0.044089264548485,-0.067320943172008,0.116363738851078,-0.00602543346074139,0.0452140782168937,-0.138055056075461
48137,1,0,-0.0672245206846738,-3.29128258488581e-05,0.0383010913228105,0.0251658844730257,0.0302296933914738,0.0982329193517473,-0.0267635121987194,-0.114402375106378,-0.0509940910149012
48145,1,0,-0.0362384699337973,0.0207785336057024,0.103209917649578,-0.035326705184715,-0.0181639262748413,0.0494545723461001,0.0031095400956895,0.113985383673014,-0.0708190470649092
48173,1,0,0.0508775260027743,-0.0104321779716057,-0.0121774918615721,0.0698252555006125,0.0541706455033503,-0.135175884868059,-0.0890546331340861,0.0200521963784113,0.0193346666801036
48197,1,0,-0.090042138057675,0.0044850522960909,0.0461695707301806,0.106536399319808,-0.0664908557146795,-0.0173619120959397,-0.0164289177325883,0.113116695718319,-0.134145614152464
48207,1,0,0.0584107087864704,0.0166816721971691,0.0947839523210594,0.0535278421300278,-0.0145090287338411,0.106467779576292,-0.00588496243388872,0.00870597628984305,-0.126319853769309
48231,1,0,-0.049874582326607,-0.00234364094937057,0.102651009558987,-0.0208149709743419,-0.0214802520729846,0.103196542892644,0.0233256944187059,-0.0596165480419201,-0.143666962426684
48235,1,0,0.174427809203513,0.0386097462914385,-0.0383194436707546,0.324223799069918,0.00405083043878229,-0.353151086562817,-0.0764319427660176,0.0777033120460405,0.332192755484918
48239,0,1,0.0198646877620814,0.0480962822059787,0.0225171720770312,0.0469565535041999,0.00570831852629112,0.00931649273358683,-0.0491194754604421,0.212697443965919,0.088597470095264
48243,1,0,-0.0557061746584372,-0.0228697503686835,-0.0985338924650144,0.130801167689132,-0.0351537991962402,0.104332548562096,0.0214832184097531,-0.0537970084416909,-0.22922048713882
48267,1,0,-0.102362202063639,-0.002530823890336,0.0449926622034238,0.000444871276718831,-0.0166209283777777,0.11253524150714,-0.0259496507086747,0.0215491653413609,-0.154667128474543
48299,1,0,-0.0670181226009549,-0.00414794083964283,0.0654733749503673,0.0906547051665385,-0.104605645733071,0.125340698240432,-0.026978799826108,0.0308989910995096,-0.209818909775168
48313,1,0,-0.0178840722077311,0.0529813599782709,0.0426981403964231,0.261815425217139,-0.0112296029971979,0.0396160460097635,-0.0309573643987515,0.0910251977709667,-0.0220983221504461
48315,1,0,-0.0935398023390155,0.0277947421426067,0.14135567066337,0.032669156018832,-0.0664472326976555,0.0768131232423166,-0.0144926222953223,0.139319692126449,-0.114654592059744
48343,0,1,-0.2836820894977,-0.0107987879201553,0.0785903978924284,-0.0463393619339184,0.00893050964840647,-0.298344301687377,-0.154112906419712,0.19467110266145,0.141013044397635
48369,0,1,0.437644471220863,0.0193071243533454,0.0257246765141725,-0.0685548358217135,0.0324796130450424,0.0620374946674757,0.047934575351387,0.132369702420488,-0.0968413557034343
48377,1,0,-0.0699063715484907,-0.0206901326496229,0.0110133162724943,0.147357408347969,-0.0279303806254143,-0.00248659534319164,-0.0596461930818915,-0.061354159768941,-0.151784324348385
48393,1,0,0.00822924704702398,0.0249169419940191,-0.0288502148701807,0.30554075331609,-0.0515896157811897,-0.349178438531637,-0.107664575705049,0.0509580222858851,0.355202663244216
48421,1,0,0.00372594323914409,-0.00959941555210962,-0.0203604320815496,-0.0267631458318326,0.0484400780972525,0.0451537746944601,0.00964179516945229,-0.0768506957692135,-0.0464572831433363
48443,1,0,-0.101324421506235,0.0576022691360172,0.0476414148766641,0.305468648141732,-0.00733238897800428,-0.0316530825474012,-0.0496734675391298,0.122728676067025,0.0160360839312352
48457,1,0,-0.195697338500014,0.0174848598928196,0.0673477357579865,-0.00985739360172756,-0.00717382062126179,0.0536301201304992,-0.00263036454453587,0.0999356152133199,-0.0788578730845438
49001,1,0,0.0156795267625678,0.019882032331423,0.123433094241856,0.0501276197078176,-0.0337137456082581,0.0519495062792533,-0.0732671099025375,0.0674265332976115,-0.0467816716957823
49009,1,0,-0.276495479763799,-0.00927746791551228,0.00322737579752395,0.220400299140244,-0.190031005669847,0.137784322164834,-0.0523893742793222,-0.0700303436712224,-0.113903548890796
49017,1,0,-0.27596646012524,-0.0169419441113135,0.0286015576725227,0.168690315061973,-0.16289613407375,0.14863689054959,-0.0375402764932289,0.000924944533688853,-0.26501090602999
49019,1,0,-0.186208308513135,-0.0103340791186048,0.0433141832415143,0.126324294115108,-0.112412952818437,0.136934698485555,-0.0319257388576027,-0.0176971770331323,-0.21687586096324
49025,1,0,-0.197090203396122,-0.010078065402756,0.00628374388472926,0.130453870637256,-0.0859394904081977,0.1336751675092,-0.0058211339154788,-0.0270315118984403,-0.222167103628361
49033,1,0,-0.101076230048375,0.0237396995409593,0.111517683574565,0.0656611817601771,-0.0669141795676609,0.0835299046214637,0.0162257461966462,0.0374381356217941,-0.0812805754202703
49037,1,0,-0.0789872663076916,0.0194948178134486,0.126132229751398,0.0756248508608944,-0.0547424076144582,-0.0295872015533161,-0.0507801496130179,0.115869528818995,-0.0460531259563557
50009,1,0,-0.0831786392430528,-0.0230298879607217,-0.0323018257628633,0.113331061481883,-0.0278483568711886,-0.0637440188328457,-0.0377310533410846,0.00997893482025828,-0.122893957219211
50013,1,0,-0.175958943143133,-0.0345999581593987,-0.0484415085621536,0.0365330988454661,0.0633341080007865,-0.0509281606308922,-0.0177543522751319,-0.113675738975649,-0.111267153518217
50015,1,0,-0.195360589240439,0.00395156101779652,0.099117772472887,0.122094913706449,-0.155291984898189,0.189606424720649,-0.0169572002910832,-0.0366844743688993,-0.174224524217238
50999,0,1,-0.297268139702553,0.00283463394274133,0.420858486011361,0.120351616399246,-0.43498333124945,0.561154816907596,-0.00114019958697979,-0.395091308763136,-0.251307642119447
51011,1,0,0.0044928791528271,-0.00345652425465522,0.0424652229433307,0.0114633967537746,0.00932789493866419,0.0419744455192128,-0.00283131858351037,0.0151180595904564,-0.141713370944515
51017,1,0,-0.250479065173162,-0.0180875713260007,0.0314654605621596,0.148584445424599,-0.153824058617316,0.153375638016167,-0.0524033858242342,-0.00246761301266738,-0.251343485830713
51037,1,0,-0.186240390405742,-0.0242331224498361,-0.0461712870778378,0.121389196251063,-0.0257916726168717,-0.150789797898699,-0.0567886083171753,-0.00624764540262619,-0.00523204208670589
51077,1,0,-0.133742149242213,-0.0184674381303854,-0.00837723237434525,-0.0849933035593014,0.0779452090024857,0.0166639396496241,-0.0387337556515753,-0.024718219627514,-0.0670587043520715
51079,1,0,-0.0165673172713493,-0.0163140764863889,0.0254158758906329,0.0429818471216138,-0.00358135292019602,0.0197423488017502,-0.0146231727189537,-0.0476396265200429,-0.136494455059526
51097,1,0,-0.287565531327464,-0.046532450037646,-0.0862524358537853,0.131206216324744,-0.0145059676790114,-0.355383106935122,-0.0978920905917006,-0.0677623612861757,0.164862595757529
51101,1,0,-0.291935948442416,-0.0386021735874339,-0.0449005009181296,0.159534091311087,-0.0533078290597845,-0.115396402380927,-0.0506630590889779,-0.022573136334073,-0.142908378641233
51105,1,0,0.0200678940777371,-0.000833221229876958,0.106830608530039,0.0181184330019426,0.0229820270805732,0.0345216298739028,-0.0306092076051228,-0.00768452710542749,-0.149991512385047
51113,1,0,-0.0617224772679864,-0.011177638530929,0.00443828062255611,0.0063757419448406,0.0419671175059234,0.0387132290288235,0.00319061338594048,-0.00820852450349279,-0.164719927701094
51125,0,1,-0.173321179766406,0.00947814400990441,0.196707993381023,0.0763987927628947,-0.186603503813636,0.34005285318081,-0.0189856582914627,-0.205881917121283,-0.135341552029015
51155,1,0,-0.146401940746334,-0.036997371147743,-0.0834024764743776,0.0488732236320882,0.0643530535501704,-0.0419430309510563,-0.176334062724859,-0.137330687823301,0.0668023827571346
51163,1,0,-0.202434319191216,-0.104334623982397,-0.0895162681545593,-0.0127056631529966,0.0862079646694551,0.0243024940521349,-0.00546117647891162,-0.573956972544404,-0.159212746267495
51185,1,0,0.0862140471643462,0.0110219461044407,0.0947010661905668,0.0565711184328855,-0.0224565436587788,0.00553365526642701,-0.0264136095767101,0.0657448910228804,-0.0965269549461863
51570,1,0,-0.04612480911407,0.00556809540197605,0.0933755167945882,0.0114641945136586,-0.0429880378401044,0.179999301767511,-0.0018412345898658,-0.00429566572465208,-0.196737407107303
51580,1,0,-0.312692425787668,-0.055688454969747,-0.0603299484307082,0.0145063905414884,-0.0519482770949071,-0.120354335458306,-0.0468904148285736,-0.00779890630361238,-0.117003693213611
51620,1,0,-0.0815367191536331,0.0303814286696687,0.128654746167435,-0.0112301957915384,-0.0224405071233227,0.143528579738272,0.0209888088179035,0.105387197653854,-0.152218628774923
51735,1,0,-0.0361660964467098,-0.0176106830790094,-0.0226894880934957,0.0678158062081392,-0.00996576537713345,-0.000552062085267692,-0.0127961133183022,0.00539929416409286,-0.150486453051099
51830,1,0,-0.0930777624838057,-0.012501720532108,-0.0226476108059554,0.0780061015251899,-0.0830735392374096,0.0551499123845717,-0.0369121424602184,0.0427574740523665,-0.1207922391833
53003,1,0,-0.105639220817697,0.0192671201553779,0.113765825128533,0.00220025450762779,-0.0145688302028481,0.102744546940501,0.0117762015540056,0.050027100032149,-0.131075256872323
53013,0,1,-0.0577718317419489,0.050673355954237,0.276758031813429,0.0240506092026156,-0.187376321220684,0.326237573673903,0.0152139669710651,0.0313396253139397,-0.131509994074609
53017,1,0,-0.142511316843344,-0.0013078976468139,0.0371001040945955,0.0224453673210027,-0.0246687678979799,0.0526051605812799,-0.0114994340350953,0.0273617619542563,-0.112499475545757
53019,0,1,-0.387550022781807,0.0325696903822983,-0.119821082615363,0.338950989384968,-0.0253478988509094,-0.0848082999278331,0.0421345147401259,-0.0242354855568615,0.101115095501962
53023,0,1,-0.073816607875253,0.0517310966557068,0.132712465503711,-0.0893963287243139,-0.00205530346663786,-0.00828610777042456,0.0023201934638168,0.378439816142369,-0.051617058558573
53037,1,0,-0.0780837793245241,0.00949641381660552,0.123088482184352,0.0790379430448074,-0.123192203773468,0.197261216975442,-0.00954447631790939,-0.0257687488262493,-0.174407316570736
53059,1,0,-0.34903446495649,-0.0381935067712072,-0.0142385322505666,0.17769189754326,-0.159350179649826,0.0346162042040825,-0.0588482378320005,-0.0114144585979021,-0.235811240815498
53069,1,0,-0.154872593525275,-0.0391632509451022,-0.111744579543381,0.197006145380434,-0.0381084967748674,-0.139982650059188,-0.0405370675929712,-0.045763625264328,-0.0950124827614139
54017,1,0,-0.0135977292272244,0.0518307396380825,-0.0293795307922417,0.407685566042778,-0.0819381321917848,-0.164436618651722,-0.105609270534068,0.247403174322649,0.0890899892709682
54025,1,0,-0.049262729668193,0.0133048599383184,0.117992149176999,0.0521602254898203,-0.0757095313034184,0.0941595277312674,-0.011123615971869,0.0722026956566582,-0.156547431211229
54037,1,0,-0.177705046234123,-0.0126447828560771,-0.0112480885671428,0.141606834459716,-0.0828787991876958,0.108803744610976,-0.00120319971525732,-0.0122941171504578,-0.231299854442678
54075,1,0,-0.203084472975927,-0.0208890417005232,0.0157559404219711,0.174776414732152,-0.144649745882978,0.0720762640718,-0.0487740612513558,-0.0153922708166207,-0.200015833178631
54095,1,0,-0.0820734634648857,-0.00289359290916411,0.141177071450195,-0.0122399686569099,-0.124805583983246,-0.172922146936582,-0.120482562522846,0.261344856497317,0.0076731837879218
55001,1,0,-0.038629175927725,-0.0163759829052794,-0.00718408838748754,0.0924991087488598,-0.108094693117599,0.077225648860656,-0.0322096767174194,0.0359330570869152,-0.172801236810881
55007,1,0,-0.219403278843256,-0.0100224482439444,0.0413854776975549,0.0595560276532975,-0.0577576062015848,0.0612633969953304,-0.0237188493543191,0.00349958881329422,-0.154385173311184
55011,1,0,0.0432207116572337,-0.0137264322874572,-0.0249165686998089,0.0168771600870224,0.00678637770452286,-0.104930911001288,-0.0534776739605197,0.0165217644321511,0.0470548254257199
55037,1,0,-0.252905585440114,-0.0431828279488647,-0.0822442509965162,0.150038791288483,-0.0748627296727297,-0.0538140549890227,-0.071923988061779,-0.0416709182113472,-0.127802644999141
55041,1,0,-0.15432027078841,-0.0245952877920204,0.00279173579305525,0.120606435896925,-0.0940335992282839,-0.0405890484087739,-0.0587471480426815,-0.00886256149234053,-0.0933328290620427
55049,1,0,-0.0697320836788986,-0.00169376988868522,0.0639102228436036,-0.0706751466951687,0.0661188513356223,0.111699708588203,-0.0182084106492974,-0.0657476536855921,-0.0989539609581666
55053,1,0,-0.119881988375161,-0.00956578198406612,0.0032910302437213,0.069979904555417,-0.0137842502112705,-0.148288505860952,-0.0564618294570853,0.0103262509372826,0.0679769259044235
55078,1,0,-0.389067165694621,-0.0305628576122547,-0.0309336314952386,0.25128614582647,-0.186600300798079,0.183981444161308,-0.0229773303284894,-0.0927749335102951,-0.315921397141458
55085,1,0,-0.110347649045681,0.0115472052916459,0.0986277986027913,-0.00775900453294386,-0.03427092347666,0.0529890057830776,-0.000883744465766589,0.0732081289207458,-0.101080823789723
55107,1,0,-0.217442421055633,-0.0140713159833888,-0.0346556640879523,0.104854810539675,-0.0381113702022993,-0.0431082366247613,-0.0157372823502031,0.0267785112091106,-0.0985199803672916
55111,1,0,-0.135055846642454,-0.0114865616554064,0.0526327713117988,0.0560055874894115,-0.0815250067621827,0.0434914044225837,-0.0417291886919576,0.0215867257802872,-0.130868225137786
55113,1,0,-0.0835402973101084,-0.00793565505795496,0.0115141791732174,0.0947735038992067,-0.0558307315967404,0.058914171576102,-0.0127528805181619,0.0255730099960771,-0.177740837935386
55121,1,0,-0.0288914882759791,-0.0163549052439102,-0.0211499704957424,-0.0703096021970953,0.0734054966809317,-0.0308212344000627,-0.0563732395280311,0.00530824828660089,-0.014544035053972
55125,1,0,-0.0886994700695265,-0.014886209636392,0.0156091412411386,0.10080277302619,-0.0756571807059782,0.0857014451886474,-0.0235694484525322,-0.0234493839370975,-0.183640813815112
56039,1,0,-0.181545191477281,-0.0131565276764761,0.092975802684833,0.14829993256975,-0.158955489389949,0.173783358261324,-0.024943087840596,-0.11924820233828,-0.204008007682414
